source_id,organization,title,publication_date,effective_date,source_type,url,locator,used_for
CMS-NCCI-2025-XI,Centers for Medicare & Medicaid Services,"Medicare NCCI Policy Manual, Chapter XI, CY 2025",2025-02-28,2025-01-01,Policy manual,https://www.cms.gov/files/document/11-chapter11-ncci-medicare-policy-manual-2025finalcleanpdf.pdf,"Chapter XI, pages XI-19, XI-30, and XI-33",Prior-state references to code 94662
CMS-NCCI-2026-XI,Centers for Medicare & Medicaid Services,"Medicare NCCI Policy Manual, Chapter XI, CY 2026",2025-12-24,2026-01-01,Policy manual,https://www.cms.gov/files/document/11-chapter11a-ncci-medicare-policy-manual-2026-final.pdf,"Chapter XI, pages XI-19, XI-20, XI-31, and XI-33",Deletion date for code 94662
CMS-PFS-2025-SUMMARY,Centers for Medicare & Medicaid Services,"Medicare Physician Fee Schedule Final Rule Summary, CY 2025",2024-11-21,2025-01-01,MLN summary,https://www.cms.gov/files/document/mm13887-medicare-physician-fee-schedule-final-rule-summary-cy-2025.pdf,Therapy Services - KX Modifier Thresholds,"CY 2025 therapy threshold of $2,410"
CMS-PFS-2026-SUMMARY,Centers for Medicare & Medicaid Services,"Medicare Physician Fee Schedule Final Rule Summary, CY 2026",2025-12-05,2026-01-01,MLN summary,https://www.cms.gov/files/document/mm14315-medicare-physician-fee-schedule-final-rule-summary-cy-2026.pdf,Telehealth Services and Therapy Services sections,CY 2026 Q3014 fee and KX threshold
CMS-TELEHEALTH-LIST,Centers for Medicare & Medicaid Services,List of Medicare Telehealth Services,2026-03-04,2026-01-01,Program webpage,https://www.cms.gov/medicare/coverage/telehealth/list-services,Originating site facility fee table,Q3014 facility fee history: 2025 $31.01; 2026 $31.85
CMS-THERAPY-2026,Centers for Medicare & Medicaid Services,Therapy Services - CY 2026 Updates,2026-03-10,2026-01-01,Program webpage,https://www.cms.gov/medicare/coding-billing/therapy-services,CY 2026 Therapy Services Updates,"Addition of codes 98979, 98984, and 98985 to the therapy code list"
CMS-A56566,Centers for Medicare & Medicaid Services,Billing and Coding: Outpatient Physical and Occupational Therapy Services (A56566),2026-04-01,2026-04-01,Billing and coding article,https://www.cms.gov/medicare-coverage-database/view/article.aspx?articleid=56566,Article Guidance,Human-review example involving skilled therapy versus general fitness activity
COTIVITI-RESPONSIBLE-AI,Cotiviti,AI that drives value responsibly,,,Responsible AI statement,https://www.cotiviti.com/about/responsible-ai-use,"Accuracy, transparency, security, and accountability principles",Governance design
NIST-AI-600-1,National Institute of Standards and Technology,Artificial Intelligence Risk Management Framework: Generative AI Profile,2024-07-26,,Risk management framework,https://www.nist.gov/publications/artificial-intelligence-risk-management-framework-generative-artificial-intelligence,"Govern, Map, Measure, and Manage functions",Governance control mapping
